cnt,pos,speed,Dir,Force,
1,3.11797,1.788,-1,6
2,3.11973,1.768,-1,6
3,3.12148,1.747,-1,6
4,3.12320,1.720,-1,6
5,3.12490,1.700,-1,6
6,3.12658,1.680,-1,6
7,3.12824,1.656,-1,6
8,3.12987,1.635,-1,6
9,3.13149,1.615,-1,6
10,3.13308,1.591,-1,6
11,3.13465,1.576,-1,6
12,3.13620,1.548,-1,6
13,3.13772,1.521,-1,6
14,3.13923,1.510,-1,6
15,3.14073,1.496,-1,6
16,3.14219,1.466,-1,6
17,3.14364,1.446,-1,6
18,3.14507,1.430,-1,6
19,3.14649,1.415,-1,6
20,3.14789,1.405,-1,6
21,3.14928,1.387,-1,6
22,3.15064,1.360,-1,6
23,3.15198,1.342,-1,6
24,3.15332,1.343,-1,6
25,3.15466,1.338,-1,6
26,3.15598,1.319,-1,6
27,3.15728,1.302,-1,6
28,3.15857,1.295,-1,6
29,3.15986,1.290,-1,6
30,3.16115,1.285,-1,6
31,3.16243,1.281,-1,6
32,3.16371,1.280,-1,6
33,3.16498,1.270,-1,6
34,3.16624,1.265,-1,6
35,3.16752,1.276,-1,6
36,3.17007,1.269,-1,6
37,3.17134,1.272,-1,6
38,3.17262,1.282,-1,6
39,3.17390,1.279,-1,6
40,3.17517,1.273,-1,6
41,3.17645,1.280,-1,6
42,3.17775,1.296,-1,6
43,3.17904,1.292,-1,6
44,3.18033,1.289,-1,6
45,3.18163,1.300,-1,6
46,3.18294,1.310,-1,6
47,3.18425,1.312,-1,6
48,3.18557,1.323,-1,6
49,3.18692,1.341,-1,6
50,3.18826,1.349,-1,6
51,3.18962,1.353,-1,6
52,3.19099,1.373,-1,6
53,3.19238,1.391,-1,6
54,3.19378,1.402,-1,6
55,3.19520,1.414,-1,6
56,3.19663,1.432,-1,6
57,3.19807,1.438,-1,6
58,3.19951,1.445,-1,6
59,3.20098,1.466,-1,6
60,3.20246,1.479,-1,6
61,3.20394,1.489,-1,6
62,3.20695,1.511,-1,6
63,3.20847,1.521,-1,6
64,3.21002,1.549,-1,6
65,3.21158,1.562,-1,6
66,3.21315,1.567,-1,6
67,3.21474,1.588,-1,6
68,3.21635,1.608,-1,6
69,3.21797,1.626,-1,6
