cnt,pos,speed,Dir,Force,
1,3.11674,1.007,-1,6
2,3.11776,1.021,-1,6
3,3.11881,1.049,-1,6
4,3.11988,1.070,-1,6
5,3.12095,1.067,-1,6
6,3.12201,1.066,-1,6
7,3.12309,1.079,-1,6
8,3.12420,1.107,-1,6
9,3.12532,1.117,-1,6
10,3.12642,1.102,-1,6
11,3.12751,1.095,-1,6
12,3.12863,1.119,-1,6
13,3.12978,1.147,-1,6
14,3.13092,1.144,-1,6
15,3.13205,1.127,-1,6
16,3.13318,1.134,-1,6
17,3.13435,1.164,-1,6
18,3.13552,1.172,-1,6
19,3.13667,1.146,-1,6
20,3.13782,1.169,-1,6
21,3.14017,1.184,-1,6
22,3.14134,1.163,-1,6
23,3.14134,1.142,-1,6
24,3.14248,1.148,-1,6
25,3.14479,1.163,-1,6
26,3.14595,1.160,-1,6
27,3.14709,1.140,-1,6
28,3.14823,1.136,-1,6
29,3.14937,1.141,-1,6
30,3.15050,1.137,-1,6
31,3.15163,1.128,-1,6
32,3.15276,1.124,-1,6
33,3.15388,1.130,-1,6
34,3.15613,1.115,-1,6
35,3.15724,1.113,-1,6
36,3.15835,1.113,-1,6
37,3.15946,1.104,-1,6
38,3.16055,1.092,-1,6
39,3.16164,1.093,-1,6
40,3.16274,1.096,-1,6
41,3.16382,1.084,-1,6
42,3.16488,1.062,-1,6
43,3.16594,1.054,-1,6
44,3.16700,1.064,-1,6
45,3.16806,1.060,-1,6
46,3.16910,1.036,-1,6
47,3.17012,1.022,-1,6
48,3.17115,1.030,-1,6
49,3.17219,1.037,-1,6
50,3.17320,1.018,-1,6
51,3.17420,0.993,-1,6
52,3.17519,0.993,-1,6
53,3.17620,1.010,-1,6
54,3.17721,1.012,-1,6
55,3.17820,0.985,-1,6
56,3.17916,0.968,-1,6
57,3.18014,0.979,-1,6
58,3.18114,0.993,-1,6
59,3.18212,0.979,-1,6
60,3.18306,0.946,-1,6
61,3.18400,0.943,-1,6
62,3.18497,0.962,-1,6
63,3.18594,0.969,-1,6
64,3.18688,0.944,-1,6
65,3.18779,0.916,-1,6
66,3.18871,0.916,-1,6
67,3.18965,0.938,-1,6
68,3.19059,0.942,-1,6
69,3.19151,0.917,-1,6
70,3.19240,0.894,-1,6
71,3.19331,0.905,-1,6
72,3.19424,0.930,-1,6
73,3.19516,0.928,-1,6
74,3.19607,0.903,-1,6
75,3.19695,0.888,-1,6
76,3.19786,0.902,-1,6
77,3.19878,0.924,-1,6
78,3.19970,0.921,-1,6
79,3.20060,0.900,-1,6
80,3.20239,0.900,-1,6
81,3.20331,0.921,-1,6
82,3.20423,0.915,-1,6
83,3.20512,0.893,-1,6
84,3.20600,0.885,-1,6
85,3.20690,0.899,-1,6
86,3.20782,0.914,-1,6
87,3.20873,0.909,-1,6
88,3.20962,0.897,-1,6
89,3.21052,0.893,-1,6
90,3.21142,0.906,-1,6
91,3.21234,0.915,-1,6
92,3.21325,0.916,-1,6
93,3.21416,0.906,-1,6
94,3.21506,0.904,-1,6
95,3.21598,0.916,-1,6
