cnt,pos,speed,Dir,Force,
1,3.12745,2.194,-1,6
2,3.12963,2.174,-1,6
3,3.13178,2.157,-1,6
4,3.13393,2.141,-1,6
5,3.13605,2.124,-1,6
6,3.13815,2.101,-1,6
7,3.14024,2.087,-1,6
8,3.14231,2.072,-1,6
9,3.14436,2.052,-1,6
10,3.14639,2.030,-1,6
11,3.14841,2.021,-1,6
12,3.15042,2.012,-1,6
13,3.15241,1.986,-1,6
14,3.15438,1.967,-1,6
15,3.15633,1.957,-1,6
16,3.15829,1.953,-1,6
17,3.16022,1.936,-1,6
18,3.16213,1.910,-1,6
19,3.16404,1.905,-1,6
20,3.16783,1.892,-1,6
21,3.16970,1.869,-1,6
22,3.17155,1.854,-1,6
23,3.17341,1.856,-1,6
24,3.17526,1.848,-1,6
25,3.17709,1.836,-1,6
26,3.17892,1.825,-1,6
27,3.18074,1.822,-1,6
28,3.18256,1.819,-1,6
29,3.18437,1.810,-1,6
30,3.18618,1.806,-1,6
31,3.18799,1.809,-1,6
32,3.18979,1.804,-1,6
33,3.19159,1.798,-1,6
34,3.19338,1.794,-1,6
35,3.19518,1.803,-1,6
36,3.19700,1.811,-1,6
37,3.19880,1.800,-1,6
38,3.20059,1.796,-1,6
39,3.20240,1.806,-1,6
40,3.20422,1.822,-1,6
41,3.20605,1.827,-1,6
42,3.20786,1.817,-1,6
43,3.20968,1.821,-1,6
44,3.21153,1.843,-1,6
45,3.21338,1.858,-1,6
46,3.21525,1.863,-1,6
47,3.21711,1.858,-1,6
48,3.21898,1.877,-1,6
49,3.22089,1.904,-1,6
50,3.22280,1.914,-1,6
51,3.22472,1.919,-1,6
52,3.22665,1.931,-1,6
