cnt,pos,speed,Dir,Force,
1,3.11380,2.519,-1,5
2,3.11636,2.560,-1,5
3,3.11896,2.603,-1,5
4,3.12163,2.665,-1,5
5,3.12435,2.722,-1,5
6,3.12712,2.768,-1,5
7,3.12992,2.800,-1,5
8,3.13275,2.831,-1,5
9,3.13562,2.872,-1,5
10,3.13852,2.902,-1,5
11,3.14144,2.919,-1,5
12,3.14437,2.931,-1,5
13,3.14732,2.944,-1,5
14,3.15029,2.968,-1,5
15,3.15327,2.980,-1,5
16,3.15626,2.990,-1,5
17,3.15925,2.999,-1,5
18,3.16227,3.011,-1,5
19,3.16529,3.023,-1,5
20,3.16832,3.031,-1,5
21,3.17135,3.032,-1,5
22,3.17439,3.035,-1,5
23,3.17742,3.036,-1,5
24,3.18046,3.039,-1,5
25,3.18350,3.033,-1,5
26,3.18652,3.021,-1,5
27,3.18953,3.016,-1,5
28,3.19553,2.993,-1,5
29,3.19852,2.984,-1,5
30,3.20149,2.973,-1,5
31,3.20444,2.952,-1,5
32,3.20738,2.941,-1,5
33,3.21031,2.927,-1,5
34,3.21322,2.909,-1,5
