cnt,pos,speed,Dir,Force,
1,3.10800,1.160,-1,5
2,3.10916,1.161,-1,5
3,3.11033,1.164,-1,5
4,3.11149,1.163,-1,5
5,3.11265,1.158,-1,5
6,3.11381,1.158,-1,5
7,3.11497,1.164,-1,5
8,3.11614,1.173,-1,5
9,3.11731,1.169,-1,5
10,3.11848,1.169,-1,5
11,3.11965,1.174,-1,5
12,3.12083,1.180,-1,5
13,3.12201,1.177,-1,5
14,3.12319,1.177,-1,5
15,3.12437,1.185,-1,5
16,3.12557,1.193,-1,5
17,3.12676,1.193,-1,5
18,3.12795,1.191,-1,5
19,3.12915,1.200,-1,5
20,3.13036,1.212,-1,5
21,3.13158,1.215,-1,5
22,3.13279,1.214,-1,5
23,3.13401,1.222,-1,5
24,3.13524,1.229,-1,5
25,3.13648,1.232,-1,5
26,3.13771,1.238,-1,5
27,3.13897,1.252,-1,5
28,3.14023,1.261,-1,5
29,3.14148,1.259,-1,5
30,3.14274,1.257,-1,5
31,3.14402,1.273,-1,5
32,3.14530,1.282,-1,5
33,3.14658,1.288,-1,5
34,3.14788,1.297,-1,5
35,3.14919,1.304,-1,5
36,3.15049,1.306,-1,5
37,3.15180,1.310,-1,5
38,3.15313,1.326,-1,5
39,3.15447,1.341,-1,5
40,3.15581,1.346,-1,5
41,3.15716,1.348,-1,5
42,3.15852,1.359,-1,5
43,3.15989,1.367,-1,5
44,3.16126,1.374,-1,5
45,3.16265,1.388,-1,5
46,3.16405,1.397,-1,5
47,3.16544,1.393,-1,5
48,3.16825,1.412,-1,5
49,3.16967,1.418,-1,5
50,3.17109,1.423,-1,5
51,3.17252,1.428,-1,5
52,3.17395,1.427,-1,5
53,3.17538,1.432,-1,5
54,3.17682,1.443,-1,5
55,3.17828,1.453,-1,5
56,3.17973,1.453,-1,5
57,3.18118,1.458,-1,5
58,3.18410,1.460,-1,5
59,3.18557,1.472,-1,5
60,3.18706,1.483,-1,5
61,3.18853,1.476,-1,5
62,3.19000,1.470,-1,5
63,3.19148,1.478,-1,5
64,3.19296,1.486,-1,5
65,3.19446,1.491,-1,5
66,3.19595,1.492,-1,5
67,3.19743,1.481,-1,5
68,3.19891,1.480,-1,5
69,3.20040,1.489,-1,5
70,3.20189,1.498,-1,5
71,3.20339,1.484,-1,5
72,3.20636,1.486,-1,5
73,3.20784,1.485,-1,5
